[
    {"state_fips":"05","county_fips":"119","name":"Pulaski"},
    {"state_fips":"05","county_fips":"143","name":"Washington"},
    {"state_fips":"05","county_fips":"031","name":"Craighead"},
    {"state_fips":"05","county_fips":"007","name":"Benton"},
    {"state_fips":"05","county_fips":"069","name":"Jefferson"},
    {"state_fips":"05","county_fips":"131","name":"Sebastian"},
    {"state_fips":"05","county_fips":"035","name":"Crittenden"},
    {"state_fips":"05","county_fips":"045","name":"Faulkner"},
    {"state_fips":"05","county_fips":"051","name":"Garland"}
  ]
  